Model;Seri;Faz;Giriş;Yük gerilimi;Yük akımı;Açma tipi;Liste fiyatı (KDV hariç);Para birimi;İndirim %
SR1-1210;SR1;1;4–30 VDC;24–240 VAC;10 A;Sıfır geçişli;;USD;
SR1-1410;SR1;1;4–30 VDC;48–480 VAC;10 A;Sıfır geçişli;;USD;
SR1-1410R;SR1;1;4–30 VDC;48–480 VAC;10 A;Rastgele geçişli;;USD;
SR1-4210;SR1;1;90–240 VAC;24–240 VAC;10 A;Sıfır geçişli;;USD;
SR1-4410;SR1;1;90–240 VAC;48–480 VAC;10 A;Sıfır geçişli;;USD;
SR1-1215;SR1;1;4–30 VDC;24–240 VAC;15 A;Sıfır geçişli;;USD;
SR1-1415;SR1;1;4–30 VDC;48–480 VAC;15 A;Sıfır geçişli;;USD;
SR1-1415R;SR1;1;4–30 VDC;48–480 VAC;15 A;Rastgele geçişli;;USD;
SR1-4215;SR1;1;90–240 VAC;24–240 VAC;15 A;Sıfır geçişli;;USD;
SR1-4415;SR1;1;90–240 VAC;48–480 VAC;15 A;Sıfır geçişli;;USD;
SR1-1220;SR1;1;4–30 VDC;24–240 VAC;20 A;Sıfır geçişli;;USD;
SR1-1420;SR1;1;4–30 VDC;48–480 VAC;20 A;Sıfır geçişli;;USD;
SR1-1420R;SR1;1;4–30 VDC;48–480 VAC;20 A;Rastgele geçişli;;USD;
SR1-4220;SR1;1;90–240 VAC;24–240 VAC;20 A;Sıfır geçişli;;USD;
SR1-4420;SR1;1;90–240 VAC;48–480 VAC;20 A;Sıfır geçişli;;USD;
SR1-1225;SR1;1;4–30 VDC;24–240 VAC;25 A;Sıfır geçişli;;USD;
SR1-1425;SR1;1;4–30 VDC;48–480 VAC;25 A;Sıfır geçişli;;USD;
SR1-1425R;SR1;1;4–30 VDC;48–480 VAC;25 A;Rastgele geçişli;;USD;
SR1-4225;SR1;1;90–240 VAC;24–240 VAC;25 A;Sıfır geçişli;;USD;
SR1-4425;SR1;1;90–240 VAC;48–480 VAC;25 A;Sıfır geçişli;;USD;
SR1-1230;SR1;1;4–30 VDC;24–240 VAC;30 A;Sıfır geçişli;;USD;
SR1-1430;SR1;1;4–30 VDC;48–480 VAC;30 A;Sıfır geçişli;;USD;
SR1-1430R;SR1;1;4–30 VDC;48–480 VAC;30 A;Rastgele geçişli;;USD;
SR1-4230;SR1;1;90–240 VAC;24–240 VAC;30 A;Sıfır geçişli;;USD;
SR1-4430;SR1;1;90–240 VAC;48–480 VAC;30 A;Sıfır geçişli;;USD;
SR1-1240;SR1;1;4–30 VDC;24–240 VAC;40 A;Sıfır geçişli;;USD;
SR1-1440;SR1;1;4–30 VDC;48–480 VAC;40 A;Sıfır geçişli;;USD;
SR1-1440R;SR1;1;4–30 VDC;48–480 VAC;40 A;Rastgele geçişli;;USD;
SR1-4240;SR1;1;90–240 VAC;24–240 VAC;40 A;Sıfır geçişli;;USD;
SR1-4440;SR1;1;90–240 VAC;48–480 VAC;40 A;Sıfır geçişli;;USD;
SR1-1250;SR1;1;4–30 VDC;24–240 VAC;50 A;Sıfır geçişli;;USD;
SR1-1450;SR1;1;4–30 VDC;48–480 VAC;50 A;Sıfır geçişli;;USD;
SR1-1450R;SR1;1;4–30 VDC;48–480 VAC;50 A;Rastgele geçişli;;USD;
SR1-4250;SR1;1;90–240 VAC;24–240 VAC;50 A;Sıfır geçişli;;USD;
SR1-4450;SR1;1;90–240 VAC;48–480 VAC;50 A;Sıfır geçişli;;USD;
SR1-1275;SR1;1;4–30 VDC;24–240 VAC;75 A;Sıfır geçişli;;USD;
SR1-1475;SR1;1;4–30 VDC;48–480 VAC;75 A;Sıfır geçişli;;USD;
SR1-1475R;SR1;1;4–30 VDC;48–480 VAC;75 A;Rastgele geçişli;;USD;
SR1-4275;SR1;1;90–240 VAC;24–240 VAC;75 A;Sıfır geçişli;;USD;
SR1-4475;SR1;1;90–240 VAC;48–480 VAC;75 A;Sıfır geçişli;;USD;
SRC1-1215;SRC1;1;4–30 VDC;24–240 VAC;15 A;Sıfır geçişli;;USD;
SRC1-4215;SRC1;1;90–240 VAC;24–240 VAC;15 A;Sıfır geçişli;;USD;
SRC1-1220;SRC1;1;4–30 VDC;24–240 VAC;20 A;Sıfır geçişli;;USD;
SRC1-1420;SRC1;1;4–30 VDC;48–480 VAC;20 A;Sıfır geçişli;;USD;
SRC1-1420R;SRC1;1;4–30 VDC;48–480 VAC;20 A;Rastgele geçişli;;USD;
SRC1-4220;SRC1;1;90–240 VAC;24–240 VAC;20 A;Sıfır geçişli;;USD;
SRC1-4420;SRC1;1;90–240 VAC;48–480 VAC;20 A;Sıfır geçişli;;USD;
SRC1-1230;SRC1;1;4–30 VDC;24–240 VAC;30 A;Sıfır geçişli;;USD;
SRC1-4230;SRC1;1;90–240 VAC;24–240 VAC;30 A;Sıfır geçişli;;USD;
SRH1-1210;SRH1;1;4–30 VDC;24–240 VAC;10 A;Sıfır geçişli;;USD;
SRH1-1410;SRH1;1;4–30 VDC;48–480 VAC;10 A;Sıfır geçişli;;USD;
SRH1-1410R;SRH1;1;4–30 VDC;48–480 VAC;10 A;Rastgele geçişli;;USD;
SRH1-2210;SRH1;1;24 VAC;24–240 VAC;10 A;Sıfır geçişli;;USD;
SRH1-2410;SRH1;1;24 VAC;48–480 VAC;10 A;Sıfır geçişli;;USD;
SRH1-4210;SRH1;1;90–240 VAC;24–240 VAC;10 A;Sıfır geçişli;;USD;
SRH1-1215;SRH1;1;4–30 VDC;24–240 VAC;15 A;Sıfır geçişli;;USD;
SRH1-1415;SRH1;1;4–30 VDC;48–480 VAC;15 A;Sıfır geçişli;;USD;
SRH1-1415R;SRH1;1;4–30 VDC;48–480 VAC;15 A;Rastgele geçişli;;USD;
SRH1-2215;SRH1;1;24 VAC;24–240 VAC;15 A;Sıfır geçişli;;USD;
SRH1-2415;SRH1;1;24 VAC;48–480 VAC;15 A;Sıfır geçişli;;USD;
SRH1-4215;SRH1;1;90–240 VAC;24–240 VAC;15 A;Sıfır geçişli;;USD;
SRH1-1220;SRH1;1;4–30 VDC;24–240 VAC;20 A;Sıfır geçişli;;USD;
SRH1-1420;SRH1;1;4–30 VDC;48–480 VAC;20 A;Sıfır geçişli;;USD;
SRH1-1420R;SRH1;1;4–30 VDC;48–480 VAC;20 A;Rastgele geçişli;;USD;
SRH1-2220;SRH1;1;24 VAC;24–240 VAC;20 A;Sıfır geçişli;;USD;
SRH1-2420;SRH1;1;24 VAC;48–480 VAC;20 A;Sıfır geçişli;;USD;
SRH1-4220;SRH1;1;90–240 VAC;24–240 VAC;20 A;Sıfır geçişli;;USD;
SRH1-A220;SRH1;1;4–20 mA DC;100–240 VAC;20 A;Sıfır geçişli;;USD;
SRH1-A420;SRH1;1;4–20 mA DC;200–480 VAC;20 A;Sıfır geçişli;;USD;
SRH1-1230;SRH1;1;4–30 VDC;24–240 VAC;30 A;Sıfır geçişli;;USD;
SRH1-1430;SRH1;1;4–30 VDC;48–480 VAC;30 A;Sıfır geçişli;;USD;
SRH1-1430R;SRH1;1;4–30 VDC;48–480 VAC;30 A;Rastgele geçişli;;USD;
SRH1-2230;SRH1;1;24 VAC;24–240 VAC;30 A;Sıfır geçişli;;USD;
SRH1-2430;SRH1;1;24 VAC;48–480 VAC;30 A;Sıfır geçişli;;USD;
SRH1-4230;SRH1;1;90–240 VAC;24–240 VAC;30 A;Sıfır geçişli;;USD;
SRH1-A230;SRH1;1;4–20 mA DC;100–240 VAC;30 A;Sıfır geçişli;;USD;
SRH1-A430;SRH1;1;4–20 mA DC;200–480 VAC;30 A;Sıfır geçişli;;USD;
SRH1-1240;SRH1;1;4–30 VDC;24–240 VAC;40 A;Sıfır geçişli;;USD;
SRH1-1440;SRH1;1;4–30 VDC;48–480 VAC;40 A;Sıfır geçişli;;USD;
SRH1-1440R;SRH1;1;4–30 VDC;48–480 VAC;40 A;Rastgele geçişli;;USD;
SRH1-2240;SRH1;1;24 VAC;24–240 VAC;40 A;Sıfır geçişli;;USD;
SRH1-2440;SRH1;1;24 VAC;48–480 VAC;40 A;Sıfır geçişli;;USD;
SRH1-4240;SRH1;1;90–240 VAC;24–240 VAC;40 A;Sıfır geçişli;;USD;
SRH1-1260;SRH1;1;4–30 VDC;24–240 VAC;60 A;Sıfır geçişli;;USD;
SRH1-1460;SRH1;1;4–30 VDC;48–480 VAC;60 A;Sıfır geçişli;;USD;
SRH1-1460R;SRH1;1;4–30 VDC;48–480 VAC;60 A;Rastgele geçişli;;USD;
SRH1-2260;SRH1;1;24 VAC;24–240 VAC;60 A;Sıfır geçişli;;USD;
SRH1-2460;SRH1;1;24 VAC;48–480 VAC;60 A;Sıfır geçişli;;USD;
SRH1-4260;SRH1;1;90–240 VAC;24–240 VAC;60 A;Sıfır geçişli;;USD;
SRH1-A260;SRH1;1;4–20 mA DC;100–240 VAC;60 A;Sıfır geçişli;;USD;
SRH1-A460;SRH1;1;4–20 mA DC;200–480 VAC;60 A;Sıfır geçişli;;USD;
SRHL1-1210;SRHL1;1;10–30 VDC;24–240 VAC;10 A;Sıfır geçişli;;USD;
SRHL1-1410;SRHL1;1;10–30 VDC;48–480 VAC;10 A;Sıfır geçişli;;USD;
SRHL1-1410R;SRHL1;1;10–30 VDC;48–480 VAC;10 A;Rastgele geçişli;;USD;
SRHL1-4210;SRHL1;1;90–240 VAC;24–240 VAC;10 A;Sıfır geçişli;;USD;
SRHL1-4410;SRHL1;1;90–240 VAC;48–480 VAC;10 A;Sıfır geçişli;;USD;
SRHL1-1215;SRHL1;1;10–30 VDC;24–240 VAC;15 A;Sıfır geçişli;;USD;
SRHL1-1415;SRHL1;1;10–30 VDC;48–480 VAC;15 A;Sıfır geçişli;;USD;
SRHL1-1415R;SRHL1;1;10–30 VDC;48–480 VAC;15 A;Rastgele geçişli;;USD;
SRHL1-4215;SRHL1;1;90–240 VAC;24–240 VAC;15 A;Sıfır geçişli;;USD;
SRHL1-4415;SRHL1;1;90–240 VAC;48–480 VAC;15 A;Sıfır geçişli;;USD;
SRHL1-1220;SRHL1;1;10–30 VDC;24–240 VAC;20 A;Sıfır geçişli;;USD;
SRHL1-1420;SRHL1;1;10–30 VDC;48–480 VAC;20 A;Sıfır geçişli;;USD;
SRHL1-1420R;SRHL1;1;10–30 VDC;48–480 VAC;20 A;Rastgele geçişli;;USD;
SRHL1-4220;SRHL1;1;90–240 VAC;24–240 VAC;20 A;Sıfır geçişli;;USD;
SRHL1-4420;SRHL1;1;90–240 VAC;48–480 VAC;20 A;Sıfır geçişli;;USD;
SRHL1-1225;SRHL1;1;10–30 VDC;24–240 VAC;25 A;Sıfır geçişli;;USD;
SRHL1-1425;SRHL1;1;10–30 VDC;48–480 VAC;25 A;Sıfır geçişli;;USD;
SRHL1-1425R;SRHL1;1;10–30 VDC;48–480 VAC;25 A;Rastgele geçişli;;USD;
SRHL1-4225;SRHL1;1;90–240 VAC;24–240 VAC;25 A;Sıfır geçişli;;USD;
SRHL1-4425;SRHL1;1;90–240 VAC;48–480 VAC;25 A;Sıfır geçişli;;USD;
SRHL1-1240;SRHL1;1;10–30 VDC;24–240 VAC;40 A;Sıfır geçişli;;USD;
SRHL1-1440;SRHL1;1;10–30 VDC;48–480 VAC;40 A;Sıfır geçişli;;USD;
SRHL1-1440R;SRHL1;1;10–30 VDC;48–480 VAC;40 A;Rastgele geçişli;;USD;
SRHL1-4240;SRHL1;1;90–240 VAC;24–240 VAC;40 A;Sıfır geçişli;;USD;
SRHL1-4440;SRHL1;1;90–240 VAC;48–480 VAC;40 A;Sıfır geçişli;;USD;
SRS1-A1D101;SRS1;1;4–24 VDC;5–100 VDC;1 A;Sıfır geçişli;;USD;
SRS1-A1D201;SRS1;1;4–24 VDC;5–200 VDC;1 A;Sıfır geçişli;;USD;
SRS1-A1X201;SRS1;1;4–24 VDC;5–240 VAC / 5–200 VDC;1 A;Sıfır geçişli;;USD;
SRS1-C1X201-1;SRS1;1;4–24 VDC;5–240 VAC / 5–200 VDC;1 A;Sıfır geçişli;;USD;
SRS1-A1202;SRS1;1;4–24 VDC;24–240 VAC;2 A;Sıfır geçişli;;USD;
SRS1-A1202R;SRS1;1;4–24 VDC;24–240 VAC;2 A;Rastgele geçişli;;USD;
SRS1-A1D102;SRS1;1;4–24 VDC;5–100 VDC;2 A;Sıfır geçişli;;USD;
SRS1-B1202-2;SRS1;1;4–30 VDC;90–240 VAC;2 A;Sıfır geçişli;;USD;
SRS1-B1202R-2;SRS1;1;4–30 VDC;90–240 VAC;2 A;Rastgele geçişli;;USD;
SRS1-C1202-2;SRS1;1;4–30 VDC;90–240 VAC;2 A;Sıfır geçişli;;USD;
SRS1-C1202R-2;SRS1;1;4–30 VDC;90–240 VAC;2 A;Rastgele geçişli;;USD;
SRS1-C1D102-1;SRS1;1;4–24 VDC;5–100 VDC;2 A;Sıfır geçişli;;USD;
SRS1-A1203;SRS1;1;4–24 VDC;24–240 VAC;3 A;Sıfır geçişli;;USD;
SRS1-A1203R;SRS1;1;4–24 VDC;24–240 VAC;3 A;Rastgele geçişli;;USD;
SRS1-B1203-1;SRS1;1;4–30 VDC;90–240 VAC;3 A;Sıfır geçişli;;USD;
SRS1-B1203R-1;SRS1;1;4–30 VDC;90–240 VAC;3 A;Rastgele geçişli;;USD;
SRS1-C1203-1;SRS1;1;4–30 VDC;90–240 VAC;3 A;Sıfır geçişli;;USD;
SRS1-C1203R-1;SRS1;1;4–30 VDC;90–240 VAC;3 A;Rastgele geçişli;;USD;
SRS1-A1205;SRS1;1;4–24 VDC;24–240 VAC;5 A;Sıfır geçişli;;USD;
SRS1-A1205R;SRS1;1;4–24 VDC;24–240 VAC;5 A;Rastgele geçişli;;USD;
SRS1-B1205-1;SRS1;1;4–30 VDC;90–240 VAC;5 A;Sıfır geçişli;;USD;
SRS1-B1205R-1;SRS1;1;4–30 VDC;90–240 VAC;5 A;Rastgele geçişli;;USD;
SRS1-C1205-1;SRS1;1;4–30 VDC;90–240 VAC;5 A;Sıfır geçişli;;USD;
SRS1-C1205R-1;SRS1;1;4–30 VDC;90–240 VAC;5 A;Rastgele geçişli;;USD;
SR3-1215;SR3;3;4–30 VDC;24–240 VAC;15 A;Sıfır geçişli;;USD;
SR3-1415;SR3;3;4–30 VDC;48–480 VAC;15 A;Sıfır geçişli;;USD;
SR3-1415R;SR3;3;4–30 VDC;48–480 VAC;15 A;Rastgele geçişli;;USD;
SR3-2415;SR3;3;24 VAC;48–480 VAC;15 A;Sıfır geçişli;;USD;
SR3-4215;SR3;3;90–240 VAC;24–240 VAC;15 A;Sıfır geçişli;;USD;
SR3-4415;SR3;3;90–240 VAC;48–480 VAC;15 A;Sıfır geçişli;;USD;
SR3-1230;SR3;3;4–30 VDC;24–240 VAC;30 A;Sıfır geçişli;;USD;
SR3-1430;SR3;3;4–30 VDC;48–480 VAC;30 A;Sıfır geçişli;;USD;
SR3-1430R;SR3;3;4–30 VDC;48–480 VAC;30 A;Rastgele geçişli;;USD;
SR3-2430;SR3;3;24 VAC;48–480 VAC;30 A;Sıfır geçişli;;USD;
SR3-4230;SR3;3;90–240 VAC;24–240 VAC;30 A;Sıfır geçişli;;USD;
SR3-4430;SR3;3;90–240 VAC;48–480 VAC;30 A;Sıfır geçişli;;USD;
SR3-1440;SR3;3;4–30 VDC;48–480 VAC;40 A;Sıfır geçişli;;USD;
SR3-1440R;SR3;3;4–30 VDC;48–480 VAC;40 A;Rastgele geçişli;;USD;
SR3-2440;SR3;3;24 VAC;48–480 VAC;40 A;Sıfır geçişli;;USD;
SR3-4440;SR3;3;90–240 VAC;48–480 VAC;40 A;Sıfır geçişli;;USD;
SR3-1250;SR3;3;4–30 VDC;24–240 VAC;50 A;Sıfır geçişli;;USD;
SR3-1450;SR3;3;4–30 VDC;48–480 VAC;50 A;Sıfır geçişli;;USD;
SR3-1450R;SR3;3;4–30 VDC;48–480 VAC;50 A;Rastgele geçişli;;USD;
SR3-2450;SR3;3;24 VAC;48–480 VAC;50 A;Sıfır geçişli;;USD;
SR3-4250;SR3;3;90–240 VAC;24–240 VAC;50 A;Sıfır geçişli;;USD;
SR3-4450;SR3;3;90–240 VAC;48–480 VAC;50 A;Sıfır geçişli;;USD;
SR3-1275;SR3;3;4–30 VDC;24–240 VAC;75 A;Sıfır geçişli;;USD;
SR3-1475;SR3;3;4–30 VDC;48–480 VAC;75 A;Sıfır geçişli;;USD;
SR3-1475R;SR3;3;4–30 VDC;48–480 VAC;75 A;Rastgele geçişli;;USD;
SR3-2475;SR3;3;24 VAC;48–480 VAC;75 A;Sıfır geçişli;;USD;
SR3-4275;SR3;3;90–240 VAC;24–240 VAC;75 A;Sıfır geçişli;;USD;
SR3-4475;SR3;3;90–240 VAC;48–480 VAC;75 A;Sıfır geçişli;;USD;
SRH3-1215;SRH3;3;4–30 VDC;24–240 VAC;15 A;Sıfır geçişli;;USD;
SRH3-1415;SRH3;3;4–30 VDC;48–480 VAC;15 A;Sıfır geçişli;;USD;
SRH3-1415R;SRH3;3;4–30 VDC;48–480 VAC;15 A;Rastgele geçişli;;USD;
SRH3-2415;SRH3;3;24 VAC;48–480 VAC;15 A;Sıfır geçişli;;USD;
SRH3-4215;SRH3;3;90–240 VAC;24–240 VAC;15 A;Sıfır geçişli;;USD;
SRH3-4415;SRH3;3;90–240 VAC;48–480 VAC;15 A;Sıfır geçişli;;USD;
SRH3-1230;SRH3;3;4–30 VDC;24–240 VAC;30 A;Sıfır geçişli;;USD;
SRH3-1430;SRH3;3;4–30 VDC;48–480 VAC;30 A;Sıfır geçişli;;USD;
SRH3-1430R;SRH3;3;4–30 VDC;48–480 VAC;30 A;Rastgele geçişli;;USD;
SRH3-2430;SRH3;3;24 VAC;48–480 VAC;30 A;Sıfır geçişli;;USD;
SRH3-4230;SRH3;3;90–240 VAC;24–240 VAC;30 A;Sıfır geçişli;;USD;
SRH3-4430;SRH3;3;90–240 VAC;48–480 VAC;30 A;Sıfır geçişli;;USD;
SRH3-1440;SRH3;3;4–30 VDC;48–480 VAC;40 A;Sıfır geçişli;;USD;
SRH3-1440R;SRH3;3;4–30 VDC;48–480 VAC;40 A;Rastgele geçişli;;USD;
SRH3-2440;SRH3;3;24 VAC;48–480 VAC;40 A;Sıfır geçişli;;USD;
SRH3-4440;SRH3;3;90–240 VAC;48–480 VAC;40 A;Sıfır geçişli;;USD;
SRH3-1250;SRH3;3;4–30 VDC;24–240 VAC;50 A;Sıfır geçişli;;USD;
SRH3-1450;SRH3;3;4–30 VDC;48–480 VAC;50 A;Sıfır geçişli;;USD;
SRH3-1450R;SRH3;3;4–30 VDC;48–480 VAC;50 A;Rastgele geçişli;;USD;
SRH3-2450;SRH3;3;24 VAC;48–480 VAC;50 A;Sıfır geçişli;;USD;
SRH3-4250;SRH3;3;90–240 VAC;24–240 VAC;50 A;Sıfır geçişli;;USD;
SRH3-4450;SRH3;3;90–240 VAC;48–480 VAC;50 A;Sıfır geçişli;;USD;
SRH3-1275;SRH3;3;4–30 VDC;24–240 VAC;75 A;Sıfır geçişli;;USD;
SRH3-1475;SRH3;3;4–30 VDC;48–480 VAC;75 A;Sıfır geçişli;;USD;
SRH3-1475R;SRH3;3;4–30 VDC;48–480 VAC;75 A;Rastgele geçişli;;USD;
SRH3-2475;SRH3;3;24 VAC;48–480 VAC;75 A;Sıfır geçişli;;USD;
SRH3-4275;SRH3;3;90–240 VAC;24–240 VAC;75 A;Sıfır geçişli;;USD;
SRH3-4475;SRH3;3;90–240 VAC;48–480 VAC;75 A;Sıfır geçişli;;USD;
SRHL3-1215;SRHL3;3;10–30 VDC;24–240 VAC;15 A;Sıfır geçişli;;USD;
SRHL3-1415;SRHL3;3;10–30 VDC;48–480 VAC;15 A;Sıfır geçişli;;USD;
SRHL3-1415R;SRHL3;3;10–30 VDC;48–480 VAC;15 A;Rastgele geçişli;;USD;
SRHL3-2415;SRHL3;3;24 VAC;48–480 VAC;15 A;Sıfır geçişli;;USD;
SRHL3-4215;SRHL3;3;90–240 VAC;24–240 VAC;15 A;Sıfır geçişli;;USD;
SRHL3-4415;SRHL3;3;90–240 VAC;48–480 VAC;15 A;Sıfır geçişli;;USD;
SRHL3-1230;SRHL3;3;10–30 VDC;24–240 VAC;30 A;Sıfır geçişli;;USD;
SRHL3-1430;SRHL3;3;10–30 VDC;48–480 VAC;30 A;Sıfır geçişli;;USD;
SRHL3-1430R;SRHL3;3;10–30 VDC;48–480 VAC;30 A;Rastgele geçişli;;USD;
SRHL3-2430;SRHL3;3;24 VAC;48–480 VAC;30 A;Sıfır geçişli;;USD;
SRHL3-4230;SRHL3;3;90–240 VAC;24–240 VAC;30 A;Sıfır geçişli;;USD;
SRHL3-4430;SRHL3;3;90–240 VAC;48–480 VAC;30 A;Sıfır geçişli;;USD;
SRHL3-1440;SRHL3;3;10–30 VDC;48–480 VAC;40 A;Sıfır geçişli;;USD;
SRHL3-1440R;SRHL3;3;10–30 VDC;48–480 VAC;40 A;Rastgele geçişli;;USD;
SRHL3-2440;SRHL3;3;24 VAC;48–480 VAC;40 A;Sıfır geçişli;;USD;
SRHL3-4440;SRHL3;3;90–240 VAC;48–480 VAC;40 A;Sıfır geçişli;;USD;
SRHL3-1250;SRHL3;3;10–30 VDC;24–240 VAC;50 A;Sıfır geçişli;;USD;
SRHL3-1450;SRHL3;3;10–30 VDC;48–480 VAC;50 A;Sıfır geçişli;;USD;
SRHL3-1450R;SRHL3;3;10–30 VDC;48–480 VAC;50 A;Rastgele geçişli;;USD;
SRHL3-2450;SRHL3;3;24 VAC;48–480 VAC;50 A;Sıfır geçişli;;USD;
SRHL3-4250;SRHL3;3;90–240 VAC;24–240 VAC;50 A;Sıfır geçişli;;USD;
SRHL3-4450;SRHL3;3;90–240 VAC;48–480 VAC;50 A;Sıfır geçişli;;USD;
SRHL3-1275;SRHL3;3;10–30 VDC;24–240 VAC;75 A;Sıfır geçişli;;USD;
SRHL3-1475;SRHL3;3;10–30 VDC;48–480 VAC;75 A;Sıfır geçişli;;USD;
SRHL3-1475R;SRHL3;3;10–30 VDC;48–480 VAC;75 A;Rastgele geçişli;;USD;
SRHL3-2475;SRHL3;3;24 VAC;48–480 VAC;75 A;Sıfır geçişli;;USD;
SRHL3-4275;SRHL3;3;90–240 VAC;24–240 VAC;75 A;Sıfır geçişli;;USD;
SRHL3-4475;SRHL3;3;90–240 VAC;48–480 VAC;75 A;Sıfır geçişli;;USD;
